"VE_TOTAL","PERSONS","PEDS","NO_LANES","SP_LIMIT","FATALS","DRUNK_DR"
1,2,1,3,0,1,0
1,1,0,2,0,1,1
3,3,0,2,0,1,0
2,2,0,2,0,1,0
1,6,0,2,0,3,0
2,8,0,2,15,1,0
1,2,1,2,15,1,1
1,2,1,2,15,1,2
1,1,0,2,20,1,1
1,2,0,2,20,1,0
1,4,0,2,20,1,0
1,1,0,9,25,1,1
1,3,2,6,25,1,0
2,4,0,5,25,1,1
2,6,0,4,25,1,1
1,4,0,4,25,2,0
1,2,1,4,25,1,0
3,4,0,4,25,1,1
1,2,1,4,25,1,0
1,2,1,4,25,1,2
4,6,1,4,25,1,0
2,6,0,4,25,1,0
1,7,1,4,25,1,0
3,3,0,4,25,1,0
1,2,1,4,25,1,0
1,2,1,4,25,1,0
1,2,1,4,25,1,0
1,2,1,4,25,1,0
1,3,0,4,25,1,3
2,5,0,4,25,1,1
2,3,0,4,25,1,0
1,3,1,3,25,1,0
1,2,1,3,25,1,0
1,2,1,3,25,1,0
1,4,1,3,25,1,0
1,2,1,3,25,1,0
1,2,1,3,25,1,0
1,1,0,2,25,1,1
1,5,0,2,25,2,2
1,4,0,2,25,1,0
1,2,1,2,25,1,1
2,4,0,2,25,1,2
1,3,1,2,25,1,2
2,2,0,2,25,1,1
1,1,0,2,25,1,0
1,2,1,2,25,1,1
1,6,0,2,25,1,0
1,2,1,2,25,1,0
1,2,1,2,25,1,1
1,3,1,2,25,1,1
2,4,0,2,25,1,0
1,1,0,2,25,1,1
5,2,1,2,25,1,0
1,5,1,2,25,1,0
1,2,1,2,25,1,0
1,2,1,2,25,1,1
1,2,1,2,25,1,0
1,1,0,2,25,1,1
2,1,0,2,25,1,0
3,1,0,2,25,1,0
1,2,1,2,25,1,0
2,2,0,2,25,1,1
1,3,1,2,25,1,0
2,4,0,2,25,1,0
1,1,0,2,25,1,0
2,3,0,2,25,1,0
1,2,1,2,25,1,0
1,1,0,2,25,1,0
1,3,1,2,25,1,0
2,3,2,2,25,1,0
1,2,1,2,25,1,0
1,1,0,2,25,1,0
1,1,0,2,25,1,0
1,2,1,2,25,1,0
2,2,0,2,25,1,1
1,1,0,2,25,1,0
1,1,0,2,25,1,1
1,1,0,2,25,1,0
1,4,1,2,25,1,0
1,3,1,2,25,1,0
1,1,0,2,25,1,1
1,3,2,2,25,1,0
2,1,0,2,25,1,0
7,10,0,2,25,1,0
2,2,0,2,25,1,1
1,1,0,2,25,1,1
2,3,0,2,25,1,0
1,1,0,2,25,1,0
3,2,1,2,25,1,0
2,2,0,2,25,1,0
1,1,0,2,25,1,0
1,2,1,2,25,1,0
1,1,0,2,25,1,0
1,1,0,2,25,1,0
2,1,0,2,25,1,0
3,3,0,2,25,1,1
1,2,1,2,25,1,0
2,3,0,2,25,1,0
1,2,0,2,25,1,0
1,1,0,2,25,1,1
2,1,0,2,25,1,0
2,2,0,2,25,1,0
1,2,1,2,25,1,0
1,1,0,2,25,1,0
2,3,0,2,25,1,0
2,4,0,2,25,1,0
1,2,0,2,25,1,1
1,3,1,2,25,1,0
1,2,1,2,25,1,0
1,2,1,2,25,1,0
2,4,0,2,25,1,1
2,3,0,2,25,1,0
2,3,2,2,25,1,1
1,2,1,2,25,1,0
2,3,0,2,25,1,0
3,1,0,2,25,1,0
1,1,0,2,25,1,0
1,2,0,2,25,1,0
2,3,0,2,25,1,0
3,3,0,2,25,1,0
1,2,1,2,25,1,0
1,1,0,2,25,1,0
2,4,1,2,25,1,0
1,1,0,2,25,1,0
1,3,1,2,25,1,0
1,2,0,2,25,2,0
1,2,1,2,25,1,0
1,3,1,2,25,1,0
1,3,2,2,25,1,0
1,2,1,2,25,1,0
2,2,1,2,25,1,1
4,2,0,2,25,1,0
2,2,0,2,25,1,0
1,2,1,2,25,1,0
1,1,0,2,25,1,0
1,2,1,2,25,1,0
3,2,1,2,25,1,0
2,3,0,2,25,1,1
3,2,1,2,25,1,1
1,1,0,2,25,1,0
1,2,1,2,25,1,1
1,4,0,2,25,1,2
1,4,0,2,25,1,0
1,1,0,2,25,1,1
1,1,0,2,25,1,1
1,1,0,2,25,1,0
1,4,0,2,25,1,0
1,3,0,2,25,1,2
1,5,0,2,25,1,2
2,3,0,2,25,2,3
1,1,0,2,25,1,1
1,3,0,2,25,1,0
4,2,0,2,25,1,0
1,1,0,2,25,1,0
1,1,0,1,25,1,1
1,2,0,1,25,1,1
2,1,0,1,25,1,1
2,3,0,9,30,1,1
1,2,0,9,30,1,2
1,2,1,5,30,1,0
1,2,1,4,30,1,1
2,2,0,4,30,1,0
1,2,1,4,30,1,0
1,2,1,4,30,1,1
2,4,2,4,30,1,0
1,1,0,4,30,1,0
1,2,1,4,30,1,1
1,2,1,4,30,1,0
1,2,1,4,30,1,0
1,2,1,4,30,1,0
2,2,0,4,30,1,0
1,2,0,4,30,1,2
1,1,0,3,30,1,1
2,2,0,3,30,1,1
1,2,1,3,30,1,0
1,1,0,2,30,1,0
3,5,0,2,30,1,1
1,2,1,2,30,1,1
1,2,1,2,30,1,0
1,2,1,2,30,1,0
1,1,0,2,30,1,1
1,2,1,2,30,1,0
1,1,0,2,30,1,0
1,5,4,2,30,1,1
1,2,0,2,30,1,0
1,1,0,2,30,1,0
1,2,1,2,30,1,0
2,2,0,2,30,1,0
2,6,0,2,30,4,1
1,1,0,2,30,1,0
1,1,0,2,30,1,0
1,1,0,2,30,1,0
1,2,1,2,30,1,0
1,1,0,2,30,1,0
1,2,1,2,30,1,0
2,2,0,2,30,1,0
1,1,0,2,30,1,0
5,5,0,2,30,2,1
1,2,1,2,30,1,2
2,2,0,2,30,1,1
1,4,0,2,30,1,2
1,2,1,2,30,1,1
2,4,0,2,30,2,3
1,1,0,2,30,1,1
1,4,0,2,30,1,1
1,1,0,2,30,1,1
1,2,1,9,35,1,0
2,2,0,9,35,1,1
1,2,1,9,35,1,0
2,1,0,9,35,1,0
1,2,1,9,35,1,0
1,1,0,9,35,1,0
1,2,0,9,35,1,2
1,2,1,7,35,1,0
1,1,0,6,35,1,0
3,5,0,6,35,1,0
2,2,0,6,35,1,0
1,3,1,6,35,1,0
3,3,0,6,35,1,0
2,3,0,6,35,1,0
2,2,0,6,35,1,0
5,6,0,6,35,1,0
3,3,0,6,35,1,1
2,3,0,6,35,2,2
1,2,1,6,35,1,2
2,4,0,6,35,1,1
1,2,1,5,35,1,1
2,3,2,4,35,1,1
1,2,1,4,35,1,0
1,2,1,4,35,1,1
1,2,1,4,35,1,2
1,1,0,4,35,1,1
1,4,1,4,35,1,2
1,2,1,4,35,1,0
1,2,1,4,35,1,1
1,2,1,4,35,1,1
2,2,0,4,35,1,0
1,2,1,4,35,1,0
1,3,2,4,35,1,2
3,1,0,4,35,1,0
1,2,1,4,35,1,1
1,2,1,4,35,1,0
2,5,0,4,35,1,0
4,5,0,4,35,1,1
2,2,0,4,35,1,1
2,2,1,4,35,1,1
1,2,1,4,35,1,1
2,3,1,4,35,1,0
1,2,1,4,35,1,0
1,4,0,4,35,1,1
2,3,0,4,35,1,0
1,2,1,4,35,1,1
1,2,1,4,35,1,1
1,2,1,4,35,1,0
2,3,1,4,35,1,1
2,3,0,4,35,1,0
1,2,1,4,35,1,0
1,2,1,4,35,1,0
1,5,1,4,35,1,1
1,3,1,4,35,1,0
1,2,1,4,35,1,1
1,2,1,4,35,1,1
1,2,1,4,35,1,0
3,5,0,4,35,1,0
3,4,0,4,35,1,1
2,2,0,4,35,1,0
1,2,1,4,35,1,0
1,3,0,4,35,1,0
2,2,0,4,35,1,0
2,2,0,4,35,1,0
2,3,0,4,35,1,1
1,2,1,4,35,1,0
1,4,1,4,35,1,0
2,3,0,4,35,1,0
2,2,0,4,35,1,0
1,2,1,4,35,1,0
1,2,0,4,35,1,0
2,5,0,4,35,2,0
1,2,1,4,35,1,1
3,3,0,4,35,1,0
1,3,0,4,35,2,0
2,3,0,4,35,1,0
1,1,0,4,35,1,0
1,2,1,4,35,1,0
2,4,2,4,35,1,0
1,3,1,4,35,1,0
3,4,0,4,35,1,0
2,3,0,4,35,1,0
1,2,1,4,35,1,0
3,2,0,4,35,1,0
1,1,0,4,35,1,1
2,2,0,4,35,1,0
1,1,0,4,35,1,0
1,2,1,4,35,1,0
2,2,0,4,35,1,0
1,2,1,4,35,1,0
3,5,0,4,35,1,0
3,2,0,4,35,1,1
3,4,0,4,35,1,1
2,3,0,4,35,1,0
2,6,0,4,35,1,0
1,3,2,4,35,1,0
1,2,1,4,35,1,0
1,2,1,4,35,1,0
3,4,0,4,35,2,0
1,2,1,4,35,1,0
2,2,0,4,35,1,0
1,2,1,4,35,1,0
1,4,0,4,35,3,1
2,1,0,4,35,1,1
2,4,0,4,35,1,1
1,4,0,4,35,1,0
1,1,0,4,35,1,1
1,1,0,4,35,1,1
1,1,0,4,35,1,1
1,1,0,4,35,1,0
1,2,1,3,35,1,0
1,2,0,3,35,1,1
1,2,1,3,35,1,1
2,3,0,3,35,1,0
1,2,1,3,35,1,0
1,5,1,3,35,1,0
2,2,0,3,35,1,1
1,2,1,3,35,1,0
1,2,1,3,35,1,0
1,2,1,3,35,1,0
1,2,1,3,35,1,0
2,3,0,3,35,1,0
1,6,5,3,35,2,0
1,2,1,3,35,1,1
1,2,1,3,35,1,0
1,1,0,3,35,1,1
2,2,0,3,35,1,1
2,3,0,3,35,1,0
2,6,0,3,35,1,1
1,3,0,2,35,1,1
1,2,0,2,35,1,1
2,3,0,2,35,1,2
1,4,0,2,35,1,0
2,3,0,2,35,2,3
1,2,1,2,35,1,1
1,2,1,2,35,1,1
1,2,1,2,35,1,0
1,2,1,2,35,1,0
2,9,0,2,35,1,1
1,1,0,2,35,1,1
1,1,0,2,35,1,1
2,4,0,2,35,1,1
1,3,1,2,35,1,1
1,2,1,2,35,1,0
2,5,0,2,35,1,0
1,1,0,2,35,1,1
3,6,0,2,35,1,1
1,2,1,2,35,1,0
1,3,0,2,35,1,0
1,1,0,2,35,1,0
3,5,0,2,35,1,1
1,1,0,2,35,1,0
1,2,1,2,35,1,0
1,4,0,2,35,1,0
1,1,0,2,35,1,1
1,4,1,2,35,1,0
1,2,1,2,35,1,1
1,5,0,2,35,1,0
3,5,0,2,35,1,0
1,5,0,2,35,3,0
1,2,0,2,35,1,0
1,2,1,2,35,1,2
2,6,0,2,35,1,0
2,2,0,2,35,1,2
1,1,0,2,35,1,1
1,2,1,2,35,1,1
1,2,0,2,35,1,0
2,3,1,2,35,1,0
1,2,1,2,35,1,0
1,2,0,2,35,1,0
1,6,0,2,35,1,0
2,3,0,2,35,1,0
3,3,0,2,35,1,0
1,2,0,2,35,1,1
1,1,0,2,35,1,1
1,2,0,2,35,1,0
1,2,1,2,35,1,0
1,1,0,2,35,1,0
3,2,0,2,35,1,0
2,2,1,2,35,1,0
1,1,0,2,35,1,0
1,1,0,2,35,1,0
2,2,0,2,35,1,0
2,3,0,2,35,1,0
1,1,0,2,35,1,0
1,1,0,2,35,1,0
1,3,0,2,35,1,0
1,2,1,2,35,1,0
1,1,0,2,35,1,1
2,2,0,2,35,1,0
1,2,1,2,35,1,0
2,2,0,2,35,1,0
1,2,1,2,35,1,0
1,1,0,2,35,1,0
2,2,0,2,35,1,1
1,1,0,2,35,1,0
1,1,0,2,35,1,0
2,2,0,2,35,1,0
2,3,0,2,35,1,0
1,4,1,2,35,1,0
2,2,0,2,35,1,0
1,2,1,2,35,1,0
1,2,1,2,35,1,1
2,4,0,2,35,1,0
1,1,0,2,35,1,0
1,2,1,2,35,1,0
1,2,1,2,35,1,0
1,2,0,2,35,1,1
1,2,0,2,35,1,2
1,1,0,2,35,1,1
1,2,1,2,35,1,1
1,1,0,2,35,1,1
1,1,1,2,35,1,1
1,6,0,2,35,1,6
1,1,0,2,35,1,0
1,3,1,2,35,1,2
1,1,0,2,35,1,1
1,2,0,2,35,1,0
1,1,0,2,35,1,0
1,2,1,1,35,1,1
1,2,0,1,35,1,1
1,1,0,1,35,1,0
2,2,0,9,40,1,0
1,1,0,6,40,1,0
1,2,1,6,40,1,0
1,2,1,6,40,1,2
1,2,1,6,40,1,0
2,4,0,6,40,2,0
1,1,0,6,40,1,0
1,4,0,6,40,1,1
3,4,0,6,40,1,2
3,6,0,5,40,3,0
1,2,0,4,40,1,1
3,3,0,4,40,1,0
1,3,1,4,40,1,0
3,2,0,4,40,1,2
3,6,0,4,40,1,0
3,3,0,4,40,1,0
1,2,1,4,40,1,0
1,2,1,4,40,1,2
2,4,0,4,40,1,1
1,2,1,4,40,1,0
2,2,0,4,40,1,1
3,4,2,4,40,3,0
3,7,0,4,40,3,4
1,4,0,4,40,1,2
2,3,0,4,40,1,1
1,2,1,4,40,1,2
2,5,0,4,40,1,1
4,9,0,4,40,1,1
2,6,0,4,40,1,0
2,2,0,4,40,1,0
1,2,0,4,40,1,1
1,3,1,4,40,1,1
1,2,1,4,40,1,0
2,1,0,4,40,1,1
2,3,0,4,40,1,0
5,6,0,4,40,2,1
2,2,0,4,40,1,0
1,2,0,4,40,2,2
1,2,1,4,40,1,0
1,2,1,4,40,1,0
2,3,0,4,40,1,0
2,5,0,4,40,2,0
2,3,0,4,40,1,0
1,2,1,4,40,1,0
2,5,0,4,40,2,0
2,1,0,4,40,1,0
2,3,0,4,40,1,0
2,2,0,4,40,1,0
4,2,0,4,40,1,0
1,1,1,4,40,1,0
2,3,0,4,40,1,0
3,4,0,4,40,1,0
1,2,1,4,40,1,0
3,3,0,4,40,1,0
1,2,1,4,40,1,1
2,2,0,4,40,1,1
2,3,0,4,40,1,1
1,5,0,4,40,1,1
1,2,0,4,40,1,0
1,1,0,4,40,1,0
1,2,1,4,40,1,1
2,3,0,3,40,1,1
3,4,0,3,40,1,0
1,3,1,3,40,1,1
1,3,1,3,40,1,1
1,3,1,3,40,1,2
2,2,0,3,40,1,0
2,2,0,3,40,1,1
1,2,1,3,40,1,0
1,2,1,3,40,1,0
2,2,0,3,40,1,0
1,2,1,3,40,1,0
2,11,0,3,40,1,0
1,2,1,3,40,1,1
1,2,0,2,40,1,2
1,2,0,2,40,1,1
1,5,0,2,40,1,0
2,5,0,2,40,2,1
2,2,0,2,40,1,0
5,4,0,2,40,1,1
1,2,1,2,40,1,1
2,2,0,2,40,1,1
1,1,0,2,40,1,1
1,1,0,2,40,1,1
3,5,0,2,40,2,0
1,2,1,2,40,1,0
1,2,1,2,40,1,1
3,3,2,2,40,1,1
2,3,0,2,40,1,0
1,5,0,2,40,2,0
1,2,1,2,40,1,1
1,1,0,2,40,1,0
3,6,0,2,40,1,0
1,3,1,2,40,1,0
1,2,1,2,40,1,1
1,2,0,2,40,1,2
2,2,0,2,40,1,0
1,1,0,2,40,1,0
2,4,0,2,40,1,1
2,3,0,2,40,1,0
1,3,1,2,40,1,1
2,4,0,2,40,2,0
1,1,0,2,40,1,0
1,1,0,2,40,1,0
5,8,0,2,40,1,1
1,1,0,2,40,1,1
1,2,1,2,40,1,0
2,3,0,2,40,1,0
2,3,0,2,40,1,0
3,7,0,2,40,1,0
1,4,0,2,40,1,0
1,3,0,2,40,1,0
1,2,1,2,40,1,0
1,4,1,2,40,1,0
1,2,1,2,40,1,0
1,2,1,2,40,1,0
1,5,1,2,40,1,0
2,2,0,2,40,1,0
1,3,1,2,40,1,0
1,1,0,2,40,1,0
1,3,2,2,40,2,0
2,2,0,2,40,1,1
1,1,0,2,40,1,1
2,2,0,2,40,1,1
1,1,0,2,40,1,1
1,2,0,2,40,1,1
1,1,0,2,40,1,0
2,11,0,2,40,1,2
1,2,0,2,40,1,1
1,3,0,2,40,1,2
1,4,0,1,40,1,1
1,1,0,9,45,1,0
2,3,1,9,45,1,0
2,2,0,9,45,1,1
2,2,0,6,45,1,0
1,2,1,6,45,1,1
4,11,2,6,45,1,1
1,6,0,6,45,1,0
1,2,1,6,45,1,1
2,2,0,6,45,1,1
1,2,1,6,45,1,1
2,3,0,5,45,1,0
5,7,0,5,45,2,0
1,2,0,5,45,1,0
1,2,0,4,45,1,1
1,1,0,4,45,1,1
2,5,0,4,45,2,2
1,3,1,4,45,1,1
3,3,0,4,45,1,1
2,3,0,4,45,1,1
1,4,0,4,45,1,2
1,3,1,4,45,1,0
1,2,1,4,45,1,0
1,3,1,4,45,1,1
1,7,0,4,45,1,0
1,2,1,4,45,1,1
1,2,1,4,45,1,0
2,2,0,4,45,1,1
1,2,1,4,45,1,1
1,2,1,4,45,1,1
1,3,2,4,45,2,0
1,2,1,4,45,1,0
1,3,1,4,45,1,0
5,6,0,4,45,2,0
1,3,2,4,45,1,0
1,2,1,4,45,1,1
2,2,0,4,45,1,0
3,4,0,4,45,1,0
2,6,0,4,45,1,0
2,2,0,4,45,1,1
2,2,0,4,45,1,0
2,11,0,4,45,2,0
2,4,0,4,45,1,0
1,2,1,4,45,1,0
2,4,0,4,45,1,0
2,2,0,4,45,1,0
2,4,0,4,45,1,0
2,2,0,4,45,1,0
1,1,0,4,45,1,0
1,2,1,4,45,1,0
2,2,0,4,45,1,0
1,2,1,4,45,1,1
1,1,0,4,45,1,0
2,2,0,4,45,1,0
1,2,0,4,45,2,1
1,2,1,4,45,1,1
1,2,0,4,45,1,1
2,5,1,4,45,1,2
2,3,0,3,45,1,1
1,5,1,3,45,1,0
2,5,0,3,45,3,1
1,9,0,3,45,2,1
2,2,0,3,45,1,2
1,2,1,3,45,1,0
1,3,0,3,45,1,1
1,1,0,3,45,1,0
6,11,0,3,45,1,0
2,3,0,3,45,1,0
1,1,0,3,45,1,0
2,6,0,3,45,1,1
2,2,0,3,45,1,0
1,2,0,3,45,1,2
1,1,0,3,45,1,0
1,1,0,3,45,1,1
2,4,0,3,45,2,3
1,1,0,3,45,1,1
2,4,0,3,45,1,1
1,2,0,2,45,1,0
1,2,1,2,45,1,1
1,1,0,2,45,1,1
2,1,0,2,45,1,1
2,2,0,2,45,1,1
1,2,1,2,45,1,2
1,2,0,2,45,1,0
1,2,1,2,45,1,0
1,1,0,2,45,1,0
1,3,0,2,45,1,1
1,2,1,2,45,1,1
1,2,0,2,45,2,0
2,2,0,2,45,1,1
1,1,0,2,45,1,1
1,2,1,2,45,1,0
3,1,0,2,45,1,0
1,3,0,2,45,1,0
1,2,0,2,45,1,1
1,2,0,2,45,1,0
2,4,0,2,45,1,0
1,1,0,2,45,1,1
1,1,0,2,45,1,0
1,1,0,2,45,1,1
2,3,0,2,45,2,1
2,3,1,2,45,1,0
2,4,0,2,45,1,0
1,2,0,2,45,1,0
2,4,0,2,45,3,1
1,2,1,2,45,1,0
2,4,0,2,45,1,1
1,1,0,2,45,1,0
1,2,1,2,45,1,1
1,2,1,2,45,1,2
1,3,0,2,45,1,0
1,1,0,2,45,1,1
1,2,1,2,45,1,0
3,5,0,2,45,1,0
1,5,1,2,45,1,0
2,6,0,2,45,1,0
2,2,0,2,45,1,0
1,1,0,2,45,1,0
2,2,0,2,45,1,0
2,3,0,2,45,1,0
1,2,1,2,45,1,1
2,2,0,2,45,1,0
2,2,0,2,45,1,1
1,2,1,2,45,1,0
3,6,0,2,45,1,0
1,1,0,2,45,1,1
1,1,0,2,45,1,0
2,3,0,2,45,1,0
2,5,0,2,45,3,0
2,2,0,2,45,1,0
3,5,0,2,45,1,0
2,3,0,2,45,2,0
2,2,0,2,45,1,1
2,2,0,2,45,1,1
2,2,0,2,45,1,1
1,1,0,2,45,1,0
2,6,0,2,45,2,0
2,3,0,2,45,1,0
1,2,0,2,45,1,1
2,3,0,2,45,1,0
2,2,0,2,45,1,0
1,2,1,2,45,1,1
2,3,0,2,45,1,0
2,5,0,2,45,2,0
1,1,0,2,45,1,0
1,2,1,2,45,1,1
3,5,0,2,45,1,0
1,2,1,2,45,1,0
2,3,0,2,45,1,0
1,2,1,2,45,1,0
2,2,0,2,45,1,0
1,1,0,2,45,1,0
2,3,0,2,45,1,0
1,1,0,2,45,1,1
2,2,0,2,45,1,0
1,2,1,2,45,1,1
1,1,0,2,45,1,0
2,2,0,2,45,1,0
3,3,0,2,45,1,0
1,2,1,2,45,1,0
2,4,0,2,45,2,1
1,2,1,2,45,1,0
1,1,0,2,45,1,0
1,1,0,2,45,1,1
1,1,0,2,45,1,0
1,1,0,2,45,1,1
1,1,0,2,45,1,1
1,4,0,2,45,2,3
2,4,0,2,45,2,1
1,1,0,2,45,1,1
1,2,1,2,45,1,1
2,2,0,2,45,1,2
1,1,0,2,45,1,1
1,1,0,2,45,1,1
1,2,1,2,45,1,1
1,2,0,2,45,1,2
3,4,0,2,45,1,1
1,1,0,2,45,1,0
1,1,0,2,45,1,1
1,1,0,2,45,1,1
1,1,0,2,45,1,0
2,2,0,9,50,1,0
3,5,0,5,50,1,0
1,1,0,5,50,1,0
1,4,0,4,50,3,3
1,2,1,4,50,1,1
2,2,0,4,50,1,1
2,4,0,4,50,1,0
2,4,0,4,50,1,0
2,5,0,4,50,1,0
2,3,0,4,50,1,0
1,1,0,4,50,1,0
1,2,1,4,50,1,0
1,1,0,4,50,1,0
2,2,1,4,50,1,2
2,3,0,4,50,1,2
1,2,1,4,50,1,1
1,2,0,3,50,2,0
2,2,0,3,50,1,0
2,6,0,3,50,1,2
2,4,0,3,50,2,3
1,2,1,3,50,1,2
1,1,0,3,50,1,0
2,2,0,3,50,1,0
2,3,0,3,50,1,0
2,3,0,3,50,1,0
3,4,0,3,50,1,0
5,9,0,3,50,1,0
2,3,0,3,50,2,0
1,1,0,3,50,1,1
1,2,1,3,50,1,0
1,1,0,2,50,1,1
1,1,0,2,50,1,1
1,5,2,2,50,1,1
1,1,0,2,50,1,1
1,1,0,2,50,1,0
3,3,0,2,50,1,1
2,6,1,2,50,1,1
1,1,0,2,50,1,0
2,3,0,2,50,1,1
1,2,1,2,50,1,0
1,2,1,2,50,1,0
2,3,0,2,50,1,0
2,3,0,2,50,1,0
1,1,0,2,50,1,0
1,3,0,2,50,3,1
2,2,0,2,50,1,0
2,2,0,2,50,1,0
1,1,0,2,50,1,0
1,2,1,2,50,1,0
2,4,0,2,50,1,0
1,2,0,2,50,1,0
1,2,1,2,50,1,0
1,1,0,2,50,1,1
1,2,1,2,50,1,1
3,7,0,2,50,1,1
1,3,0,2,50,1,3
1,1,0,2,50,1,1
2,1,0,2,50,1,1
1,2,0,2,50,1,1
1,2,0,2,50,1,2
2,2,0,2,50,1,1
1,1,0,2,50,1,1
2,2,0,2,50,1,1
1,2,0,2,50,1,1
1,3,0,2,50,1,0
2,11,0,9,55,1,0
2,2,0,9,55,1,0
2,2,0,7,55,1,0
3,3,0,5,55,1,1
4,5,0,5,55,1,0
2,3,0,5,55,1,0
2,3,0,4,55,1,1
1,1,0,4,55,1,0
2,1,0,4,55,1,0
5,10,0,4,55,1,0
2,2,0,4,55,1,0
2,2,0,4,55,1,1
2,3,0,4,55,2,0
2,3,0,4,55,1,0
1,2,1,4,55,1,0
1,2,1,4,55,1,0
1,5,0,4,55,1,0
2,2,0,4,55,1,1
2,6,0,4,55,1,0
1,1,0,4,55,1,0
2,5,0,4,55,1,0
2,2,0,4,55,1,0
1,1,0,4,55,1,0
1,1,0,4,55,1,0
2,2,0,4,55,1,0
2,3,0,4,55,1,2
2,3,0,4,55,1,1
1,2,1,4,55,1,0
2,4,0,4,55,1,0
2,3,0,4,55,1,0
2,2,0,4,55,1,0
1,2,1,4,55,1,1
1,2,1,4,55,1,1
1,2,0,4,55,1,2
1,2,0,4,55,1,0
2,3,0,4,55,1,1
2,3,1,4,55,1,1
1,3,0,4,55,1,0
2,4,0,3,55,1,1
1,1,0,3,55,1,1
3,4,0,3,55,1,1
1,2,1,3,55,1,0
5,8,0,3,55,1,1
1,1,0,3,55,1,0
2,5,0,3,55,1,1
1,2,0,3,55,1,0
1,1,0,3,55,1,0
1,1,0,3,55,1,0
2,6,0,3,55,3,0
2,3,0,3,55,2,1
1,1,0,3,55,1,0
2,3,0,3,55,2,1
2,4,1,3,55,1,0
2,2,0,3,55,1,0
2,2,0,3,55,1,0
1,5,0,2,55,2,0
1,2,0,2,55,1,0
2,3,0,2,55,1,0
3,4,0,2,55,3,1
2,4,0,2,55,1,1
2,2,0,2,55,1,1
2,2,0,2,55,1,0
2,5,0,2,55,2,1
1,2,0,2,55,1,1
1,2,0,2,55,1,1
1,2,0,2,55,1,1
1,1,0,2,55,1,1
2,3,0,2,55,1,0
4,4,0,2,55,1,0
2,2,0,2,55,1,0
1,1,0,2,55,1,1
1,1,0,2,55,1,0
1,3,0,2,55,1,1
2,3,1,2,55,1,1
1,1,0,2,55,1,1
1,1,0,2,55,1,0
1,2,0,2,55,1,1
1,1,0,2,55,1,1
1,2,0,2,55,1,0
2,2,0,2,55,1,1
1,1,0,2,55,1,1
1,1,0,2,55,1,1
1,1,0,2,55,1,1
1,2,0,2,55,1,0
1,2,0,2,55,2,2
1,3,1,2,55,1,1
2,2,0,2,55,1,0
1,1,0,2,55,1,0
1,1,0,2,55,1,1
2,3,0,2,55,1,0
1,2,0,2,55,1,2
2,3,0,2,55,2,0
3,5,0,2,55,1,1
3,8,1,2,55,1,1
1,3,1,2,55,1,1
2,4,0,2,55,2,0
1,3,0,2,55,1,1
2,3,0,2,55,1,1
3,4,0,2,55,1,0
1,1,0,2,55,1,0
2,6,0,2,55,2,2
1,2,1,2,55,1,0
2,7,0,2,55,1,0
2,1,0,2,55,1,1
2,2,0,2,55,1,1
1,2,1,2,55,1,0
1,1,0,2,55,1,1
1,2,1,2,55,1,1
1,3,0,2,55,1,0
2,3,1,2,55,1,0
1,1,0,2,55,1,1
1,4,1,2,55,1,1
1,1,0,2,55,1,1
1,1,0,2,55,1,1
2,3,0,2,55,1,0
2,4,0,2,55,1,1
2,4,0,2,55,1,0
2,3,0,2,55,1,1
1,2,1,2,55,1,1
1,1,0,2,55,1,0
1,2,0,2,55,1,0
2,2,0,2,55,1,0
1,2,0,2,55,2,2
1,3,0,2,55,2,0
1,1,0,2,55,1,1
1,1,0,2,55,1,0
1,3,0,2,55,1,1
1,2,1,2,55,1,0
2,4,0,2,55,1,0
1,1,0,2,55,1,1
1,2,1,2,55,1,0
2,3,0,2,55,1,0
2,2,0,2,55,1,1
2,3,0,2,55,1,0
1,1,0,2,55,1,1
2,2,0,2,55,1,2
1,2,0,2,55,2,1
1,2,0,2,55,1,1
1,1,0,2,55,1,1
4,7,0,2,55,1,0
2,3,0,2,55,2,0
2,2,0,2,55,1,1
1,3,0,2,55,1,0
2,8,0,2,55,1,0
3,9,0,2,55,3,0
1,1,0,2,55,1,1
1,1,0,2,55,1,0
1,1,0,2,55,1,1
1,2,1,2,55,1,1
2,2,0,2,55,2,1
2,4,0,2,55,1,1
1,1,0,2,55,1,1
4,9,0,2,55,2,0
2,4,0,2,55,1,0
2,2,0,2,55,1,0
1,1,0,2,55,1,1
3,3,0,2,55,1,0
1,1,0,2,55,1,1
1,4,0,2,55,1,0
2,2,0,2,55,1,1
3,6,0,2,55,2,1
2,4,0,2,55,1,0
2,3,0,2,55,3,2
1,1,0,2,55,1,0
2,2,0,2,55,1,0
3,5,0,2,55,2,0
2,4,0,2,55,1,1
2,2,0,2,55,1,0
2,3,0,2,55,1,1
2,4,0,2,55,1,0
1,2,0,2,55,1,0
2,5,0,2,55,1,0
1,2,0,2,55,1,1
1,1,0,2,55,1,1
1,1,0,2,55,1,0
1,1,0,2,55,1,1
2,5,0,2,55,1,0
1,1,0,2,55,1,1
2,2,0,2,55,1,0
2,2,0,2,55,1,0
2,4,0,2,55,1,0
1,1,0,2,55,1,0
1,4,0,2,55,1,0
1,1,0,2,55,1,1
1,1,0,2,55,1,0
1,5,1,2,55,1,1
1,2,0,2,55,1,0
1,4,0,2,55,1,0
2,2,0,2,55,1,0
2,2,0,2,55,1,0
1,1,0,2,55,1,0
2,4,0,2,55,2,0
2,2,0,2,55,1,0
1,2,0,2,55,1,1
2,2,0,2,55,1,0
2,3,0,2,55,1,0
2,6,0,2,55,1,1
2,2,0,2,55,1,0
2,10,0,2,55,2,0
2,2,0,2,55,1,1
2,5,0,2,55,1,0
3,3,0,2,55,1,0
3,4,0,2,55,1,0
1,2,0,2,55,1,0
2,5,0,2,55,1,0
1,1,0,2,55,1,1
2,2,0,2,55,1,1
3,6,0,2,55,2,0
3,3,0,2,55,1,0
1,1,0,2,55,1,0
2,3,0,2,55,1,0
2,2,0,2,55,1,0
2,3,0,2,55,1,0
2,4,0,2,55,1,0
2,3,0,2,55,1,0
2,2,0,2,55,1,1
1,1,0,2,55,1,1
1,3,0,2,55,1,0
1,1,0,2,55,1,1
1,1,0,2,55,1,0
1,1,0,2,55,1,1
1,2,0,2,55,2,2
2,3,0,2,55,1,0
4,5,0,2,55,1,0
2,8,0,2,55,1,0
2,2,0,2,55,1,1
2,4,0,2,55,1,2
1,1,0,2,55,1,0
2,5,0,2,55,1,0
4,7,0,2,55,1,0
3,5,0,2,55,1,0
1,1,0,2,55,1,0
2,3,0,2,55,1,0
2,3,0,2,55,1,0
2,2,0,2,55,1,0
2,3,0,2,55,1,0
2,2,0,2,55,1,1
3,3,0,2,55,1,0
3,3,0,2,55,1,0
1,2,1,2,55,1,0
1,2,0,2,55,1,0
1,2,0,2,55,1,0
2,3,0,2,55,1,1
2,2,0,2,55,1,1
1,1,0,2,55,1,0
3,3,0,2,55,1,0
3,3,0,2,55,1,1
1,2,0,2,55,1,0
1,1,0,2,55,1,0
2,5,0,2,55,1,0
1,1,0,2,55,1,1
1,2,0,2,55,2,0
2,4,0,2,55,1,1
1,2,0,2,55,1,1
5,6,0,2,55,2,1
1,6,0,2,55,6,0
2,6,0,2,55,3,0
1,3,0,2,55,2,1
2,4,0,2,55,1,2
1,2,0,2,55,1,0
1,2,1,2,55,1,1
2,2,0,2,55,2,1
1,2,0,2,55,1,0
2,4,0,2,55,1,0
1,3,0,2,55,1,0
1,2,0,2,55,1,1
1,1,0,2,55,1,0
1,4,0,2,55,1,0
2,2,0,2,55,1,0
2,2,0,2,55,1,0
1,1,0,2,55,1,0
1,1,0,2,55,1,0
1,1,0,2,55,1,0
1,1,0,2,55,1,0
1,2,0,2,55,1,0
3,4,0,2,55,1,0
2,3,0,2,55,1,0
1,3,0,2,55,2,0
1,1,0,2,55,1,1
1,10,0,2,55,1,0
2,2,0,2,55,1,0
3,5,0,2,55,1,0
2,5,0,2,55,1,0
2,3,0,2,55,1,0
2,1,0,2,55,1,0
2,3,0,2,55,1,1
1,2,1,2,55,1,0
2,5,0,2,55,1,1
3,5,0,2,55,1,0
1,2,0,2,55,1,1
1,2,0,2,55,1,0
2,2,0,2,55,1,0
2,2,0,2,55,1,0
2,2,0,2,55,1,0
2,4,0,2,55,2,0
1,3,1,2,55,1,0
2,3,0,2,55,1,0
3,5,0,2,55,2,0
1,2,0,2,55,2,1
1,1,0,2,55,1,0
1,1,0,2,55,1,0
1,1,0,2,55,1,1
1,1,0,2,55,1,0
3,4,0,2,55,1,0
1,1,0,2,55,1,0
2,3,0,2,55,1,0
2,13,0,2,55,1,0
2,3,0,2,55,1,0
2,5,0,2,55,1,0
1,1,0,2,55,1,1
1,2,1,2,55,1,0
2,3,0,2,55,1,0
2,3,0,2,55,2,1
1,1,0,2,55,1,0
1,1,0,2,55,1,0
2,3,0,2,55,1,0
2,3,0,2,55,1,0
2,4,0,2,55,2,0
2,2,0,2,55,1,0
2,2,0,2,55,1,0
2,3,0,2,55,1,0
2,2,0,2,55,1,0
2,4,0,2,55,1,1
2,1,0,2,55,1,0
2,2,0,2,55,1,0
2,3,0,2,55,1,0
1,5,0,2,55,2,0
2,3,0,2,55,3,0
2,5,0,2,55,2,0
1,1,0,2,55,1,0
1,1,0,2,55,1,0
2,3,0,2,55,1,0
2,2,0,2,55,1,0
2,4,0,2,55,1,0
1,1,0,2,55,1,0
1,1,0,2,55,1,0
2,5,0,2,55,2,0
1,2,0,2,55,1,0
1,1,0,2,55,1,0
4,5,0,2,55,1,0
1,1,0,2,55,1,0
2,3,0,2,55,1,0
3,5,0,2,55,2,0
2,2,0,2,55,1,0
2,3,0,2,55,2,0
3,4,1,2,55,1,0
4,4,0,2,55,1,0
3,6,0,2,55,1,1
2,3,0,2,55,1,0
1,2,1,2,55,1,0
2,3,0,2,55,1,0
1,1,0,2,55,1,1
1,1,0,2,55,1,0
1,2,1,2,55,1,0
2,4,0,2,55,1,0
3,4,0,2,55,1,1
2,5,0,2,55,4,0
1,2,0,2,55,1,0
3,4,0,2,55,2,0
2,2,0,2,55,1,0
2,7,0,2,55,1,0
1,1,0,2,55,1,0
2,2,0,2,55,1,0
1,2,0,2,55,1,0
3,3,0,2,55,1,0
2,2,0,2,55,1,0
2,2,0,2,55,1,1
2,3,0,2,55,1,0
1,2,1,2,55,1,0
1,1,0,2,55,1,0
2,3,0,2,55,1,1
1,2,1,2,55,1,0
3,3,0,2,55,1,0
1,3,0,2,55,1,0
2,3,0,2,55,1,0
2,2,0,2,55,2,0
1,2,0,2,55,1,0
2,2,0,2,55,1,0
1,1,0,2,55,1,0
2,2,0,2,55,1,0
1,1,0,2,55,1,0
2,4,0,2,55,1,0
1,1,0,2,55,1,0
2,2,0,2,55,1,0
1,1,0,2,55,1,0
2,2,0,2,55,1,0
2,2,0,2,55,1,1
2,2,0,2,55,1,0
2,2,0,2,55,1,0
2,2,0,2,55,2,0
1,2,1,2,55,1,0
2,16,0,2,55,1,0
2,1,0,2,55,1,0
2,2,0,2,55,1,1
2,5,0,2,55,2,0
1,2,0,2,55,1,0
2,2,0,2,55,1,0
2,4,0,2,55,1,0
1,3,0,2,55,1,0
1,1,0,2,55,1,0
2,2,0,2,55,1,0
1,2,1,2,55,1,0
1,1,0,2,55,1,0
2,2,0,2,55,2,0
3,2,0,2,55,1,0
1,1,0,2,55,1,0
5,9,0,2,55,1,1
2,4,0,2,55,2,0
5,11,0,2,55,1,0
1,1,0,2,55,1,1
2,2,0,2,55,1,1
1,6,0,2,55,2,1
1,1,0,2,55,1,1
2,5,0,2,55,1,0
1,1,0,2,55,1,0
2,19,0,2,55,2,0
1,2,0,2,55,1,0
1,1,0,2,55,1,0
1,5,1,2,55,1,0
2,4,0,2,55,1,0
1,1,0,2,55,1,0
2,2,0,2,55,1,0
1,4,0,2,55,1,0
5,4,0,2,55,1,1
1,1,0,2,55,1,0
1,1,0,2,55,1,1
2,3,0,2,55,1,1
1,1,0,2,55,1,1
2,2,0,2,55,1,1
1,1,0,2,55,1,1
2,3,0,2,55,1,1
1,2,1,2,55,1,1
1,3,0,2,55,1,1
2,4,0,2,55,2,1
1,2,1,2,55,1,2
1,3,0,2,55,1,1
1,4,0,2,55,1,1
1,1,0,2,55,1,0
2,2,0,2,55,2,2
1,1,0,2,55,1,0
1,1,0,2,55,1,1
1,2,0,2,55,1,1
1,4,0,2,55,2,2
1,1,0,2,55,1,1
1,1,0,2,55,1,1
1,1,0,2,55,1,1
1,3,0,2,55,2,2
1,1,0,2,55,1,0
2,2,1,2,55,1,0
1,1,0,2,55,1,1
1,2,1,2,55,1,0
1,3,0,2,55,1,1
1,1,0,2,55,1,1
2,2,0,2,55,1,1
1,5,0,2,55,1,0
1,1,0,2,55,1,1
1,4,0,2,55,1,1
2,8,0,2,55,1,2
1,4,0,2,55,1,1
1,1,0,2,55,1,0
1,1,0,2,55,1,0
1,1,0,2,55,1,0
1,4,0,2,55,1,1
2,5,0,2,55,1,3
2,3,0,2,55,1,1
1,1,0,2,55,1,1
2,3,0,2,55,1,0
1,2,0,2,55,1,2
1,4,0,2,55,1,2
2,4,0,2,55,1,3
2,2,0,2,55,2,0
1,3,0,2,55,1,2
1,2,0,2,55,1,1
1,6,0,2,55,1,0
2,3,0,2,55,1,1
1,1,0,1,55,1,1
1,2,0,1,55,1,0
1,1,0,1,55,1,0
1,3,0,1,55,1,1
2,3,0,1,55,1,0
1,1,0,1,55,1,0
1,2,1,1,55,1,0
1,2,1,4,60,1,1
2,3,0,4,60,1,1
3,7,0,4,60,2,1
2,2,0,4,60,1,0
2,3,0,4,60,1,0
2,2,0,4,60,1,0
2,3,0,4,60,1,0
1,5,1,4,60,1,2
1,2,1,2,60,1,0
2,3,0,2,60,1,0
4,5,0,2,60,1,1
1,1,0,2,60,1,1
1,1,0,9,65,1,0
1,1,0,9,65,1,1
1,3,1,9,65,1,1
1,1,0,9,65,1,1
1,2,1,7,65,1,1
3,4,1,7,65,1,1
3,4,0,7,65,2,0
2,3,0,7,65,1,1
1,4,0,7,65,1,0
2,8,0,7,65,2,3
2,3,0,7,65,1,2
3,5,1,7,65,1,1
3,3,0,7,65,1,0
2,3,0,6,65,1,0
2,5,1,6,65,2,1
1,2,0,6,65,1,0
1,2,1,6,65,1,0
2,2,0,6,65,1,0
1,2,1,6,65,1,1
9,22,0,6,65,1,0
5,15,0,6,65,1,0
2,2,0,6,65,1,0
1,1,0,6,65,1,0
2,2,0,6,65,1,0
2,2,0,6,65,1,0
1,4,0,6,65,1,0
1,1,0,6,65,1,0
2,2,0,6,65,1,1
1,1,0,6,65,1,1
2,2,1,6,65,1,2
1,1,0,6,65,1,1
1,4,0,6,65,2,0
2,2,0,6,65,1,1
2,2,0,6,65,1,1
2,2,1,6,65,1,1
2,3,1,6,65,1,1
4,13,0,5,65,1,1
2,7,2,5,65,2,1
1,5,1,5,65,1,2
3,8,0,5,65,1,0
2,3,0,5,65,1,1
1,2,0,5,65,1,0
1,1,0,5,65,1,1
1,1,0,5,65,1,1
1,3,0,5,65,1,0
2,2,0,5,65,1,1
2,6,0,5,65,1,1
2,3,0,5,65,1,0
1,2,1,5,65,1,0
1,1,0,5,65,1,1
2,6,0,5,65,1,1
1,2,1,5,65,1,0
2,3,0,5,65,1,0
2,2,0,5,65,1,0
3,11,0,5,65,1,0
3,8,0,5,65,1,0
2,2,0,5,65,1,0
3,2,0,5,65,1,0
1,1,0,5,65,1,0
2,2,0,5,65,1,0
2,3,0,5,65,1,0
1,1,0,5,65,1,1
3,7,0,5,65,3,0
1,1,0,5,65,1,0
2,2,0,5,65,1,0
1,1,0,5,65,1,0
2,2,0,5,65,1,0
2,1,0,5,65,1,1
1,4,0,5,65,1,0
2,2,0,5,65,1,0
2,3,0,5,65,1,0
2,2,0,5,65,1,1
2,1,0,5,65,1,0
2,3,1,5,65,1,1
1,1,0,5,65,1,0
2,2,0,5,65,1,0
2,2,0,5,65,1,1
4,6,2,5,65,2,0
2,2,0,5,65,1,1
1,2,1,5,65,1,1
2,3,0,5,65,1,1
1,3,0,5,65,2,1
1,2,0,5,65,1,0
1,1,0,5,65,1,1
2,3,0,5,65,1,1
3,4,1,5,65,1,2
2,3,0,5,65,1,1
1,2,0,5,65,1,2
1,1,0,5,65,1,1
1,2,1,5,65,1,1
2,5,0,5,65,1,1
1,2,1,5,65,1,1
1,1,0,5,65,1,1
4,7,0,5,65,1,1
1,1,0,5,65,1,1
1,1,0,4,65,1,0
2,7,0,4,65,3,0
3,6,0,4,65,1,1
3,4,0,4,65,1,0
1,2,1,4,65,1,1
1,1,0,4,65,1,0
1,1,0,4,65,1,1
1,3,1,4,65,1,1
1,2,1,4,65,1,0
2,2,0,4,65,1,0
2,2,0,4,65,1,1
1,1,0,4,65,1,1
1,6,0,4,65,2,1
3,3,0,4,65,1,0
4,4,0,4,65,1,0
1,2,1,4,65,1,0
1,5,0,4,65,1,1
1,6,0,4,65,1,0
1,1,0,4,65,1,0
2,3,0,4,65,1,1
1,1,0,4,65,1,1
3,3,0,4,65,1,1
2,2,0,4,65,1,0
1,2,1,4,65,1,0
3,7,0,4,65,1,0
1,4,0,4,65,1,0
2,3,0,4,65,1,0
1,2,0,4,65,1,0
2,2,0,4,65,1,0
2,2,0,4,65,1,0
2,5,0,4,65,1,1
1,1,0,4,65,1,0
1,4,0,4,65,4,2
5,12,0,4,65,1,0
1,1,0,4,65,1,1
2,4,0,4,65,1,0
4,7,0,4,65,2,0
5,6,0,4,65,1,0
2,2,0,4,65,1,0
4,6,0,4,65,1,0
1,1,0,4,65,1,0
1,5,0,4,65,1,0
1,1,0,4,65,1,0
1,2,0,4,65,1,0
1,2,0,4,65,1,0
3,3,0,4,65,1,0
2,2,0,4,65,1,0
1,1,0,4,65,1,0
1,1,0,4,65,1,1
2,3,0,4,65,1,1
2,1,0,4,65,1,1
1,1,0,4,65,1,0
1,7,0,4,65,5,0
2,2,0,4,65,1,0
1,1,0,4,65,1,0
2,2,0,4,65,1,1
1,2,1,4,65,1,0
2,3,0,4,65,1,0
2,3,0,4,65,1,1
2,2,0,4,65,1,0
2,2,0,4,65,1,2
1,1,0,4,65,1,0
2,6,0,4,65,3,0
1,2,0,4,65,1,2
1,1,0,4,65,1,1
1,2,0,4,65,2,2
2,2,0,4,65,1,1
10,15,0,4,65,1,1
1,2,1,4,65,1,1
2,2,0,4,65,1,1
1,1,0,4,65,1,0
2,2,0,4,65,1,1
1,4,0,4,65,1,2
2,4,0,4,65,1,0
2,2,0,4,65,1,1
2,4,0,3,65,1,1
1,3,0,3,65,1,0
1,2,1,3,65,1,1
1,3,0,3,65,1,0
1,2,1,3,65,1,0
1,1,0,3,65,1,1
1,1,0,3,65,1,0
2,3,0,3,65,1,1
1,1,0,3,65,1,1
2,3,0,3,65,1,1
3,7,0,3,65,1,0
2,7,0,3,65,1,0
1,1,0,3,65,1,0
1,1,0,3,65,1,0
1,1,0,3,65,1,0
1,1,0,3,65,1,0
1,1,0,3,65,1,0
1,1,0,3,65,1,1
3,6,0,3,65,1,0
1,1,0,3,65,1,0
1,5,0,3,65,1,0
3,5,0,3,65,1,0
1,1,0,3,65,1,1
1,1,0,3,65,1,0
1,2,0,3,65,1,0
1,1,0,3,65,1,1
2,2,1,3,65,1,0
1,1,0,3,65,1,1
1,1,0,3,65,1,1
2,2,0,3,65,1,1
1,1,0,3,65,1,1
2,4,0,3,65,1,0
2,5,0,3,65,3,1
3,5,0,3,65,1,1
2,4,0,3,65,1,2
1,1,0,3,65,1,1
2,4,0,3,65,1,0
1,1,0,3,65,1,1
1,7,0,3,65,2,0
1,2,1,3,65,1,0
1,4,0,3,65,1,0
2,8,0,3,65,1,1
2,3,0,3,65,1,1
1,1,0,3,65,1,0
1,6,0,3,65,1,2
1,2,0,3,65,1,1
2,2,0,2,65,1,0
1,2,0,2,65,1,1
1,2,0,2,65,1,0
1,2,1,2,65,1,1
3,9,0,2,65,1,0
1,1,0,2,65,1,1
1,2,0,2,65,1,0
1,2,0,2,65,1,0
1,1,0,2,65,1,0
1,1,0,2,65,1,0
1,2,0,2,65,1,1
2,6,0,2,65,2,1
2,5,0,2,65,1,0
1,1,0,2,65,1,1
1,3,1,2,65,1,1
1,1,0,2,65,1,1
1,1,0,2,65,1,0
1,2,0,2,65,1,1
3,4,0,2,65,2,0
1,2,0,2,65,1,0
1,2,1,2,65,1,0
1,2,0,2,65,1,0
1,1,0,2,65,1,1
1,1,0,2,65,1,0
1,1,0,2,65,1,0
2,4,1,2,65,1,1
1,3,0,2,65,1,1
3,4,0,2,65,1,1
3,4,0,2,65,1,1
1,2,0,2,65,1,1
2,2,0,2,65,1,0
3,3,2,2,65,1,0
1,1,0,2,65,1,1
1,1,0,2,65,1,1
2,2,0,2,65,1,0
1,4,0,2,65,2,1
2,10,0,2,65,3,1
1,3,0,2,65,1,0
1,1,0,2,65,1,0
2,8,0,2,65,2,0
1,3,0,2,65,1,0
1,3,0,2,65,2,0
2,4,0,2,65,1,0
1,1,0,2,65,1,0
2,5,0,2,65,1,0
3,3,0,2,65,1,1
1,3,0,2,65,1,0
1,3,0,2,65,2,0
1,1,0,2,65,1,0
1,2,0,2,65,1,0
1,2,0,2,65,1,0
1,2,0,2,65,1,0
1,3,0,2,65,2,0
1,5,0,2,65,2,0
1,1,0,2,65,1,1
3,3,0,2,65,1,0
1,4,0,2,65,1,1
1,1,0,2,65,1,1
1,1,0,2,65,1,0
1,1,0,2,65,1,0
1,1,0,2,65,1,0
2,5,0,2,65,1,0
2,4,0,2,65,1,0
1,1,0,2,65,1,0
2,10,0,2,65,1,0
1,1,0,2,65,1,0
3,3,0,2,65,1,0
1,2,0,2,65,1,0
1,3,0,2,65,1,0
1,2,0,2,65,1,1
1,3,0,2,65,1,0
1,2,0,2,65,1,0
3,3,0,2,65,1,0
2,2,0,2,65,1,0
2,4,0,2,65,1,0
1,2,0,2,65,1,0
4,5,0,2,65,2,0
2,6,0,2,65,1,0
2,2,0,2,65,1,0
1,3,0,2,65,1,0
1,3,0,2,65,1,0
2,5,0,2,65,1,0
1,2,1,2,65,1,0
1,7,0,2,65,1,0
1,1,0,2,65,1,0
1,2,0,2,65,1,0
2,2,0,2,65,1,0
4,3,0,2,65,1,0
1,4,0,2,65,1,0
2,2,0,2,65,1,1
1,3,0,2,65,2,0
2,3,0,2,65,1,1
1,1,0,2,65,1,1
1,2,0,2,65,1,1
1,2,0,2,65,1,1
2,3,0,2,65,1,0
1,2,0,2,65,2,1
1,6,0,2,65,1,0
2,2,0,2,65,1,1
1,1,0,2,65,1,1
1,10,0,2,65,1,1
3,4,0,2,65,1,2
1,1,0,2,65,1,0
1,1,0,2,65,1,1
1,6,0,2,65,1,1
1,2,1,2,65,1,0
1,2,0,2,65,1,1
1,1,0,2,65,1,1
2,4,0,2,65,1,0
1,1,0,2,65,1,0
1,2,0,2,65,1,0
1,1,0,2,65,1,1
1,1,0,2,65,1,1
1,3,0,2,65,2,1
1,6,0,2,65,2,1
1,2,1,2,65,1,2
2,3,1,2,65,1,2
1,2,0,1,65,1,1
1,2,1,1,65,1,0
1,1,0,1,65,1,1
1,1,0,1,65,1,1
1,1,0,1,65,1,0
1,1,0,1,65,1,1
2,2,0,1,65,1,1
1,2,0,1,65,1,0
1,1,0,1,65,1,0
1,1,0,1,65,1,0
3,4,0,1,65,1,0
1,1,0,1,65,1,0
2,4,1,1,65,1,0
1,4,0,1,65,2,1
1,3,0,1,65,2,3
1,1,0,1,65,1,1
1,1,0,1,65,1,1
2,2,0,5,70,1,0
1,1,0,5,70,1,0
2,2,0,5,70,1,0
1,1,0,4,70,1,0
2,2,0,4,70,1,1
1,3,0,4,70,1,0
2,3,0,4,70,1,0
3,9,0,4,70,1,0
5,14,0,4,70,1,1
1,1,0,4,70,1,0
3,4,0,4,70,1,1
3,4,0,4,70,1,0
1,1,0,4,70,1,1
1,5,0,4,70,2,1
2,2,0,4,70,1,0
1,2,1,4,70,1,1
2,2,0,4,70,1,1
1,1,0,4,70,1,0
1,1,0,3,70,1,1
1,1,0,3,70,1,1
1,2,0,3,70,1,0
1,7,0,3,70,1,0
3,3,0,3,70,1,1
1,2,1,3,70,1,0
2,2,1,3,70,1,0
1,1,0,3,70,1,1
3,7,0,3,70,2,0
3,4,0,3,70,1,1
1,1,0,3,70,1,1
5,7,0,3,70,1,0
1,5,0,3,70,1,0
1,6,0,3,70,2,0
2,2,0,3,70,1,0
1,6,0,3,70,1,1
1,2,0,3,70,1,0
2,2,0,3,70,1,0
1,1,0,3,70,1,0
2,3,0,3,70,1,0
2,4,0,3,70,1,1
2,7,0,3,70,1,1
2,2,1,3,70,1,1
2,4,0,3,70,1,1
1,2,0,3,70,1,0
2,4,1,3,70,1,0
1,1,0,2,70,1,0
1,1,0,2,70,1,0
1,2,1,2,70,1,0
3,4,0,2,70,1,1
1,3,1,2,70,1,1
1,2,0,2,70,1,1
1,1,0,2,70,1,1
1,1,0,2,70,1,0
2,3,0,2,70,1,0
1,1,0,2,70,1,0
2,3,0,2,70,1,1
1,2,0,2,70,1,0
2,2,0,2,70,1,0
1,4,0,2,70,1,0
1,6,0,2,70,2,0
1,5,0,2,70,1,0
2,5,0,2,70,1,0
1,1,0,2,70,1,0
3,11,0,2,70,1,0
1,2,0,2,70,1,0
1,4,0,2,70,2,0
2,3,0,2,70,1,0
2,2,0,2,70,1,0
1,7,0,2,70,1,0
2,7,0,2,70,4,1
1,2,0,2,70,2,0
2,10,1,2,70,1,0
1,2,0,2,70,1,0
1,1,0,2,70,1,0
1,4,0,2,70,1,0
1,4,0,2,70,3,0
1,4,0,2,70,1,0
1,1,0,2,70,1,1
1,3,0,2,70,1,0
1,1,0,2,70,1,0
2,2,0,2,70,1,0
6,9,0,2,70,2,0
1,1,0,2,70,1,0
4,25,0,2,70,2,0
1,1,0,2,70,1,0
1,1,0,2,70,1,0
1,3,0,2,70,1,0
1,6,0,2,70,3,2
1,1,0,2,70,1,0
1,8,0,2,70,1,0
1,2,0,2,70,1,2
3,5,0,2,70,1,0
1,2,0,2,70,1,0
1,1,0,2,70,1,1
